{
  "train_loss": [
    0.399575272564245,
    0.3432963783805094,
    0.3359378247665974,
    0.32773056056111843,
    0.3270020981229215,
    0.3192977139896499,
    0.3211139274989712,
    0.3145153644108272,
    0.31418633353728587,
    0.31224158115809614
  ],
  "train_acc": [
    50.63741786864218,
    50.46726525483626,
    49.93324782073768,
    50.215962932907516,
    49.619119918326746,
    50.17931467762624,
    49.613884453286566,
    50.116489097144054,
    49.8678045077354,
    50.20025653778697
  ],
  "val_loss": [
    1.0666245838671362,
    1.0434371465842123,
    1.0055223637124655,
    1.0502367776033787,
    0.9770069869083616,
    0.9775491083510022,
    0.9566091381626842,
    0.9747257524063265,
    0.9734856145992974,
    0.9611151544616126
  ],
  "val_acc": [
    10.151478133398486,
    10.151478133398486,
    10.151478133398486,
    10.151478133398486,
    10.371365746396286,
    10.505741509894943,
    10.725629122892745,
    10.57903738089421,
    10.982164671390178,
    11.067676520889323
  ]
}