{
  "train_loss": [
    0.36020332002299743,
    0.1746218690661176,
    0.16122732037715864,
    0.1478334337772939,
    0.14496290538735038,
    0.14033945367340273,
    0.13811861409886972,
    0.1333642675347576,
    0.13189948636463425,
    0.12990041982207523
  ],
  "train_acc": [
    75.07340604026845,
    87.66778523489933,
    91.62646812080537,
    94.54173657718121,
    95.51698825503355,
    96.82781040268456,
    97.33378775167785,
    98.07571308724832,
    98.4322567114094,
    98.62625838926175
  ],
  "val_loss": [
    0.612712277138172,
    0.5866802268016027,
    0.5300579482292215,
    0.5875169323179793,
    0.5243387423981788,
    0.5304740688240444,
    0.5115446543201327,
    0.5070964984619439,
    0.5054481957146919,
    0.504557923032228
  ],
  "val_acc": [
    79.94136330320059,
    84.82775470315173,
    93.72098705106279,
    86.79452724163205,
    92.41387735157586,
    92.63376496457366,
    95.9198631810408,
    96.57952602003421,
    96.54287808453456,
    96.34742242853653
  ],
  "val_auc": [
    0.9838335778766186,
    0.9888566395146857,
    0.9869460765606907,
    0.991367183387725,
    0.9950003783292978,
    0.994600500710601,
    0.9905476069849458,
    0.9883575738235604,
    0.9914223701179071,
    0.9906041918886198
  ],
  "val_f1": [
    0.8745700527401972,
    0.9078908335805399,
    0.9640025261385166,
    0.92076522758924,
    0.9560167150648063,
    0.9575114881583598,
    0.9768473589352558,
    0.9806709926825901,
    0.9805140961857379,
    0.9793122535113817
  ],
  "lr": [
    9.999999999999999e-05,
    0.00019999999999999998,
    0.0003,
    0.0003,
    0.0002851453301853628,
    0.00024352347027881,
    0.00018337814009344714,
    0.00011662185990655284,
    5.6476529721189974e-05,
    1.4854669814637143e-05
  ]
}