{
  "train_loss": [
    0.36518851130100705,
    0.17482682992547952
  ],
  "train_acc": [
    75.03145973154362,
    87.5052432885906
  ],
  "val_loss": [
    0.6133309812729847,
    0.5828339107063386
  ],
  "val_acc": [
    80.30784265819692,
    85.68287319814317
  ],
  "val_auc": [
    0.9837434368091379,
    0.9899566730708496
  ],
  "val_f1": [
    0.877077931981089,
    0.9135310609414196
  ],
  "lr": [
    9.999999999999999e-05,
    0.00019999999999999998
  ]
}